{"cameraMode":{"drawMode":0,"name":"Shaded","section":"Shading Mode"},"sceneLighting":true,"audioPlay":false,"sceneViewState":{"showFog":true,"showMaterialUpdate":false,"showSkybox":true,"showFlares":true,"showImageEffects":true,"showParticleSystems":true,"showVisualEffectGraphs":true,"m_FxEnabled":true},"in2DMode":false,"pivot":{"x":-13.071648597717286,"y":5.5369462966918949,"z":18.519912719726564},"rotation":{"x":-0.0008253329433500767,"y":0.9783118963241577,"z":-0.0038212209474295379,"w":-0.20730727910995484},"size":4.677066802978516,"orthographic":false}